artist,bio,source,url
Sam Smith,"Samuel Frederick Smith is an English singer and songwriter. In 2012, they rose to prominence when they featured on Disclosure's breakthrough single ""Latch"", which peaked at number eleven on the UK Singles Chart. The following year, they featured on Naughty Boy's single ""La La La"", which became a number one single in the UK.",wikipedia,https://en.wikipedia.org/wiki/Sam_Smith
Bizarrap,"Gonzalo Julián Conde, known professionally as Bizarrap or BZRP, is an Argentine record producer, songwriter and DJ. He specializes in EDM, Latin trap and Latin hip-hop. He is known for his BZRP Music Sessions, a series of independent tracks which he records with a wide variety of artists. He was nominated for a Latin Grammy Award for Producer of the Year in 2021 and 2023.",wikipedia,https://en.wikipedia.org/wiki/Bizarrap
Manuel Turizo,"Manuel Turizo Zapata is a Colombian singer. Born and raised in Montería, he started making music at 13. He first became popular with his song ""Una Lady Como Tú"" (2016). He made his debut album ADN on August 23, 2019. Turizo's music contains influences from pop music, trap, and vallenato, and his vocal range has been classified as baritone. His most well-known song is his 2022 single ""La Bachata"".",wikipedia,https://en.wikipedia.org/wiki/Manuel_Turizo
Bad Bunny,"Benito Antonio Martínez Ocasio, known professionally as Bad Bunny, is a Puerto Rican rapper, actor, singer-songwriter, and record producer. Dubbed the ""King of Latin Trap"", he is widely credited with helping Spanish-language rap reach mainstream global popularity and is considered one of the greatest Latino rappers of all time.",wikipedia,https://en.wikipedia.org/wiki/Bad_Bunny
Joji,,none,
Beyoncé,"Beyoncé Giselle Knowles-Carter is an American singer, songwriter, actress, and businesswoman. Known for her vocal ability, artistic reinventions, and live performances, she is widely regarded as one of the most culturally significant figures of the 21st century. Credited with shaping popular music, Beyoncé is often deemed one of the greatest entertainers of all time.",wikipedia,https://en.wikipedia.org/wiki/Beyonc%C3%A9
Harry Styles,"Harry Edward Styles is an English singer, songwriter, and actor. An influential figure in popular culture, he is known for his showmanship, artistry, and flamboyant fashion. Styles's musical career began in 2010 as part of One Direction, a boy band formed on the British music competition series The X Factor after each member of the band had been eliminated from the solo contest. They became one of the best-selling boy bands of all time before going on an indefinite hiatus in 2016. Styles released his eponymous debut solo album through Erskine and Columbia Records in 2017, which was led by the UK number-one single ""Sign of the Times"".",wikipedia,https://en.wikipedia.org/wiki/Harry_Styles
Rema,"Divine Joshua Ikubor, known professionally as Rema, is a Nigerian singer-songwriter and rapper. He gained recognition with his 2019 song ""Dumebi"". That same year, he signed with D'Prince's record label, Jonzing World. He achieved international recognition with his 2022 single ""Calm Down"", which spawned a remix with American singer Selena Gomez that peaked at number three on the Billboard Hot 100. The song also led the Billboard U.S. Afrobeats Songs chart for a record-setting 58 weeks.",wikipedia,https://en.wikipedia.org/wiki/Rema_(musician)
Rauw Alejandro,"Raúl Alejandro Ocasio Ruiz, known professionally as Rauw Alejandro, is a Puerto Rican singer and songwriter. His music styles include genres such as reggaeton, Latin R&B, urbano, Latin trap, rhythmic pop, and ballads. His accolades include two Latin Grammy Awards, two Billboard Latin Music Awards, and an iHeartRadio Music Awards. Rolling Stone called him ""the greatest showman in Latin music"" and compared his concerts to a Broadway production.",wikipedia,https://en.wikipedia.org/wiki/Rauw_Alejandro
Drake,"Aubrey Drake Graham is a Canadian rapper, singer, and actor. He is credited with popularizing R&B sensibilities in hip-hop music through rap-singing, and journalists have referred to him as one of the greatest rappers of all time. Drake first gained recognition as Jimmy Brooks in the CTV teen drama series Degrassi: The Next Generation (2001–2008) and began his music career by independently releasing the mixtapes Room for Improvement (2006), Comeback Season (2007), and So Far Gone (2009), before signing with Young Money Entertainment.",wikipedia,https://en.wikipedia.org/wiki/Drake_(musician)
Luar La L,,none,
The Weeknd,"Abel Tesfaye, known professionally as the Weeknd, is a Canadian singer-songwriter, record producer, and actor. Regarded as an influential figure in popular music, he is known for his light-lyric tenor vocal range and falsetto, alternative R&B sound, and dark aesthetics, as well as the cinematic visuals and storytelling of his music videos. His accolades include four Grammy Awards, 20 Billboard Music Awards, 22 Juno Awards, 6 American Music Awards, 3 MTV Video Music Awards, and a Latin Grammy Award.",wikipedia,https://en.wikipedia.org/wiki/The_Weeknd
Ruth B.,"Ruth Berhe, is a Canadian singer and songwriter from Edmonton, Alberta. She started by singing songs on Vine in early 2013. In November 2015, she released her debut extended play The Intro. On May 5, 2017, she released her debut album Safe Haven. It has gathered over 2.5 billion overall streams globally as of June 2024. Her double-platinum single ""Lost Boy"" has accumulated over 850 million streams on Spotify, and her YouTube channel has received a total of over 900 million views as of April 2025.",wikipedia,https://en.wikipedia.org/wiki/Ruth_B.
Shakira,"Shakira Isabel Mebarak Ripoll is a Colombian singer, songwriter, dancer, and record producer. Referred to as the ""Queen of Latin Music"", she has had a significant impact on the musical landscape of Latin America and has been credited with popularizing Hispanophone music globally, contributing to increased learning and use of the Spanish language worldwide. She is also credited with opening the doors of the international market for other Latin artists. Her accolades include 4 Grammy Awards and 15 Latin Grammy Awards.",wikipedia,https://en.wikipedia.org/wiki/Shakira
Elley Duhé,"Elley Duhé (born February 14, 1992) is an American singer and songwriter. Born near Mobile, Alabama, she was raised on the Gulf Coast in the small towns of Vancleave, Mississippi and Dauphin Island, Alabama, inspired by her musician father and uncles who are in the orbit of the New Orleans music scene. After her father got Elley her first guitar when she was 14, she began her career at 15 singing in coffee shops. Graduating to paying gigs in bars, restaurants, and at private parties, she gained enough exposure to be booked to open for national acts and connect with songwriters in Nashville, Los Angeles, and Austin, where, after dropping out of high school and getting her GED, she spent three years honing her craft. She now lives in Los Angeles. The single ""Millennium"", her collaboration with electronic producer , released in October 2016, was viewed over two million times on YouTube and streamed 1.4 million times on Spotify. After Billboard premiered her single ""Immortal"" in December 2016, it gained 4.5 million streams on Spotify, while the video netted nearly a million views on YouTube. A remix by DJ duo netted an additional 770,000 Spotify streams. Her follow-up single ""Fly"", released in July 2017, featured production from and ( , ). In July 2018, she collaborated with Russian-German music producer on the single ""Happy Now"". On August 3, 2018, her collaborative single with , ""Tie Me Down"", was released. On August 10, 2018, she released the EP Dragon Mentality.",lastfm,https://www.last.fm/music/Elley%2BDuh%C3%A9/+wiki
Beach Weather,"Beach Weather is an American indie rock band formed in 2015 by lead vocalist and rhythm guitarist Nick Santino, best known for their song ""Sex, Drugs, Etc."" which was certified Platinum on May 16, 2023.",wikipedia,https://en.wikipedia.org/wiki/Beach_Weather
Billie Eilish,"Billie Eilish Pirate Baird O'Connell is an American singer-songwriter. Known for her distinctive musical sound and vocal style, Eilish is a prominent figure in 2020s pop culture. She first gained public attention in 2015 with her debut single ""Ocean Eyes"" which was released on SoundCloud and written and produced by her brother Finneas O'Connell. In 2017, she released her debut EP, Don't Smile at Me, which was commercially successful in various countries, including the US, UK, and Australia.",wikipedia,https://en.wikipedia.org/wiki/Billie_Eilish
Future,"Nayvadius DeMun Cash, known professionally as Future, is an American rapper, singer-songwriter, and record producer. Known for his mumble-style, rap-singing and prolific output, Future is credited with helping pioneer the use of Auto-Tuned delivery in trap music. He is commonly regarded as one of the most influential rappers of his generation.",wikipedia,https://en.wikipedia.org/wiki/Future_(rapper)
Nicki Minaj,"Onika Tanya Maraj-Petty, known professionally as Nicki Minaj, is a Trinidadian rapper, singer, and songwriter. Dubbed the ""Queen of Rap"" and one of the most influential rappers of all time, she is noted for her dynamic rap flow, witty lyrics, musical versatility, and alter egos, and is credited as a driving force in the mainstream resurgence of female rap since the 2010s.",wikipedia,https://en.wikipedia.org/wiki/Nicki_Minaj
Mora,"There are at least two artists with the name Mora, one being a Puerto Rican singer and the other being a Slovenian metal band. 1) Mora is a Puerto Rican singer and producer. 2) MORA had their first appearance in the metal world on November 23rd 2007, when they introduced themselves for the first time to their home crowd after just a few weeks of practice. Then with Jupoll (Vocals, Guitar), Nazgul (Guitar), Scavenger (Bass, Back Vocals) and Zli (Drums). After that, a couple of gigs all over Slovenia took place and MORA also recorded their first demo »Slaughter Begins«, which they financed on their own. In the summer of 2008, two festival gigs followed, one on the Metalcamp and the other on MetalMania Open Air. On both gigs Shk, the new drummer, blasted the beats instead of Zli which due to lacking time had to leave the band. After Metal Mania Nazgul has decided to leave the band, so Mraz and Scavenger grabbed the 6-strings and Mortaas joined on bass. Jupoll also left the post as the guitarist and just focuses on the singing. As the lineup changed so did their style, they have focused more on the complexity of the song and made them more technical (Black/Death Metal). MORA are currently focusing on writing and recording new material for the first EP entitled EBOLA. After the gig @ WinterCamp in Bohinj, Jupoll left the band and shortly after that Mraz left. Shk joined . Jupoll is currently working on his new black metal band. Mraz is in the process of recording with his new old school death metal band Doomed. Mortaas is still playing with Little Ann.",lastfm,https://www.last.fm/music/Mora/+wiki
Pablo Pesadilla,,none,
J. Cole,"Jermaine Lamarr Cole is an American rapper, singer, songwriter and record producer. Born on a military base in Germany and raised in Fayetteville, North Carolina, Cole initially gained attention as a rapper following the release of his debut mixtape, The Come Up, in early 2007. Intent on further pursuing a musical career, he signed with Jay-Z's Roc Nation in 2009 and released two additional mixtapes: The Warm Up (2009) and Friday Night Lights (2010) to further critical acclaim as he garnered a wider following.",wikipedia,https://en.wikipedia.org/wiki/J._Cole
Lost Frequencies,"Felix De Laet, known by his stage name Lost Frequencies, is a Belgian DJ and record producer. He is best known for his singles ""Are You with Me"" in 2014, ""Reality"" featuring Janieck Devy in 2015, and ""Where Are You Now"" with Calum Scott in 2021.",wikipedia,https://en.wikipedia.org/wiki/Lost_Frequencies
The Kid LAROI,"Charlton Kenneth Jeffrey Howard, known professionally as the Kid Laroi, is an Australian singer, rapper, and songwriter. He was signed with American rapper Lil Bibby's Grade A Productions, in a joint venture with Columbia Records, in 2019. He is best known for his 2021 single ""Stay"", which peaked atop the charts in numerous countries including his native Australia, as well as the Canadian Hot 100 and Billboard Hot 100.",wikipedia,https://en.wikipedia.org/wiki/The_Kid_Laroi
Olivia Rodrigo,"Olivia Isabel Rodrigo is an American singer-songwriter and actress. She began her career as a child, appearing in commercials and the direct-to-video film An American Girl: Grace Stirs Up Success (2015). She rose to prominence with her leading roles in the Disney Channel series Bizaardvark (2016–2019) and the Disney+ series High School Musical: The Musical: The Series (2019–2022).",wikipedia,https://en.wikipedia.org/wiki/Olivia_Rodrigo
Lewis Capaldi,"Lewis Marc Capaldi is a Scottish singer-songwriter and musician. In March 2019, his single ""Someone You Loved"" (2018) topped the UK Singles Chart where it remained for seven weeks, and in November 2019, it reached number one on the US Billboard Hot 100; it was nominated at the 62nd Annual Grammy Awards for Song of the Year and won the 2020 Brit Award for Song of the Year. ""Someone You Loved"" was the bestselling single of 2019 in the UK. He was nominated for the Critics' Choice Award at the 2019 Brit Awards. Capaldi also won the 2020 Brit Award for Best New Artist. In May 2020, it was announced that Capaldi's song ""Someone You Loved"" had become the longest-running top 10 UK single of all time by a British artist.",wikipedia,https://en.wikipedia.org/wiki/Lewis_Capaldi
Yung Gravy,"Matt Hauri, more commonly known as Yung Gravy is an American rapper who became popular for his abstract lyrics, often sexualizing food or putting food in sexual scenarios. As his image grew, he became recognised for his love of mothers. Yung Gravy is a graduate from the University of Wisconsin, and broke out on the internet from his smash hit “Mr. Clean”, sampling the classic song Mr. Sandman. He has become a nationwide star, selling out concerts all over the United States and racking up hundreds of thousands of followers on social media. Yung Gravy is friends with other rappers in the scene such as bbno$, Roy Purdy, DBangz, Caleon Fox, Ugly God, and many others, as his interesting and eye catching lyrics synchronize well with his unique beat selection. Some of Gravy’s nicknames include “Yung Steve Nash” and “Yung Steve Harvey”, and Gravy has made a staple in the “meme rap” era, and has become a bonafide star that has some of the most loyal fans in all of rap, dubbed the “Gravy Train” His album artwork also has an early 20th century type aesthetic, impersonating a drawing style from that era.",lastfm,https://www.last.fm/music/Yung%2BGravy/+wiki
Imanbek,"Imanbek Maratuly Zeikenov, known professionally as Imanbek, is a Kazakh DJ and record producer. In 2019, he became known for his remix of Saint Jhn's ""Roses"". In 2021, Imanbek won a Grammy for his remix of ""Roses"", becoming the first Grammy recipient from Kazakhstan, and the first Grammy award winner in a non-classical category from within the CIS.",wikipedia,https://en.wikipedia.org/wiki/Imanbek
Tainy,"Marco Efraín Masís Fernández, known professionally as Tainy, is a Puerto Rican record producer, songwriter and recording engineer. Born and raised in San Juan, Puerto Rico, he entered the world of reggaeton with his work on Mas Flow 2 by Luny Tunes. A repeated Grammy and BMI Award winner, Tainy has produced for artists including Wisin & Yandel, Janet Jackson, and Jennifer Lopez. His debut EP, Neon16 Tape: The Kids That Grew Up on Reggaeton (2020), consists of tracks with several other artists.",wikipedia,https://en.wikipedia.org/wiki/Tainy
benny blanco,"Benjamin Joseph Levin, known professionally as Benny Blanco, is an American record producer. He is the recipient of the 2013 Hal David Starlight Award from the Songwriters Hall of Fame. Blanco has also won five BMI Songwriter of the Year Awards, won the 2017 iHeartRadio Producer of the Year Award, and received eleven Grammy Award nominations.",wikipedia,https://en.wikipedia.org/wiki/Benny_Blanco
Conan Gray,"Conan Lee Gray is an American singer, songwriter and former YouTuber. He was born in Lemon Grove, California, and raised in Georgetown, Texas, where he began uploading vlogs, covers, and original songs to YouTube as a teenager. In 2018, Gray signed a record deal with Republic Records, which released his debut EP, Sunset Season (2018).",wikipedia,https://en.wikipedia.org/wiki/Conan_Gray
Chris Brown,"Christopher Maurice Brown is an American singer, songwriter, dancer and actor. A pop and hip-hop influenced R&B musician who works in a variety of genres, he has been called the ""King of R&B"" by some contemporaries. His lyrics often address emotional and hedonistic themes. His singing and dancing skills have often been compared favorably to those of Michael Jackson.",wikipedia,https://en.wikipedia.org/wiki/Chris_Brown
Benson Boone,"Benson James Boone is an American singer–songwriter. He began his music career by briefly competing on American Idol in early 2021 before withdrawing voluntarily. He gained popularity on TikTok and subsequently signed a contract with Dan Reynolds's Night Street Records label and released the singles ""Ghost Town"" in 2021 and ""In the Stars"" in 2022.",wikipedia,https://en.wikipedia.org/wiki/Benson_Boone
Eminem,"Marshall Bruce Mathers III, known professionally as Eminem, is an American rapper, songwriter, record producer, and record executive. Widely regarded as one of the greatest and most influential rappers of all time, he is often credited with popularizing hip-hop in Middle America and the acceptance of white rappers. While much of his transgressive art during the late 1990s and early 2000s made him a controversial figure, Eminem has become a representation of popular angst in lower-income America and is noted for his conscious rap—including political criticism and social commentary—and rap flow.",wikipedia,https://en.wikipedia.org/wiki/Eminem
Justin Bieber,"Justin Drew Bieber is a Canadian singer. Regarded as a prominent figure in contemporary popular music, he rose to fame in the late 2000s with his debut extended play, My World (2009), receiving international recognition and establishing himself as a teen idol.",wikipedia,https://en.wikipedia.org/wiki/Justin_Bieber
Alesso,"Alessandro Renato Rodolfo Lindblad, better known by his stage name Alesso, is a Swedish DJ and record producer.",wikipedia,https://en.wikipedia.org/wiki/Alesso
James Arthur,"James Andrew Arthur is an English singer and songwriter. He rose to fame after winning the ninth series of The X Factor in 2012. His debut single, a cover of Shontelle's ""Impossible"", was released by Syco Music after the final, and debuted at number 1 on the UK Singles Chart. Since then, it has gone on to sell over 2.5 million copies worldwide, making it the most successful winner's single in the show's history.",wikipedia,https://en.wikipedia.org/wiki/James_Arthur
Gesaffelstein,"Mike Lévy, known professionally as Gesaffelstein, is a French music programmer, DJ, songwriter and producer from Lyon. He is best known for the single ""Lost in the Fire"" with The Weeknd. Often called the ""Dark Prince of Techno"", he has worked alongside artists such as Lady Gaga, Daft Punk, Kanye West, A$AP Rocky, the Hacker, Lil Nas X, Charli XCX and Pharrell Williams. At the 68th Annual Grammy Awards, he won the Grammy Award for Best Remixed Recording, Non-Classical for his remix of Gaga's ""Abracadabra"".",wikipedia,https://en.wikipedia.org/wiki/Gesaffelstein
Piso 21,"Piso 21 is a Colombian Latin pop group. Their singles ""Me Llamas"", ""Besándote"" and ""Déjala Que Vuelva"" were hits in their home country, Latin America and Spain.",wikipedia,https://en.wikipedia.org/wiki/Piso_21
Camila Cabello,"Karla Camila Cabello Estrabao is an American singer and songwriter. She rose to prominence as a member of the pop girl group Fifth Harmony, one of the best-selling girl groups of all time. While in the group, Cabello established herself as a solo artist with collaborative singles ""I Know What You Did Last Summer"" and ""Bad Things"", the latter making number four on the US Billboard Hot 100. She left Fifth Harmony in late 2016.",wikipedia,https://en.wikipedia.org/wiki/Camila_Cabello
Lil Nas X,"Montero Lamar Hill, better known by his stage name Lil Nas X, is an American rapper, singer and songwriter. He rose to prominence with the release of his 2018 country rap single ""Old Town Road"", which spent a then-record 19 weeks atop the U.S. Billboard Hot 100 chart. Simultaneously, he came out as gay, the first artist to do so while having a number-one record.",wikipedia,https://en.wikipedia.org/wiki/Lil_Nas_X
Marshmello,"Christopher Comstock, known professionally as Marshmello and formerly as Dotcom, is an American DJ and record producer. His songs ""Silence"", ""Wolves"", ""Friends"", ""Happier"", and ""Alone"" have each received multi-platinum certifications in several countries, and peaked within the top 40 of the Billboard Hot 100. His musical style includes groove-oriented, synth and bass-heavy electronic dance music.",wikipedia,https://en.wikipedia.org/wiki/Marshmello
The Chainsmokers,"The Chainsmokers are an American electronic DJ and production duo consisting of Alex Pall and Drew Taggart. They started out by releasing remixes of songs by indie artists. The EDM-pop duo achieved a breakthrough with their 2014 song ""#Selfie"", which became a top-twenty single in several countries. They have won a Grammy Award, two American Music Awards, seven Billboard Music Awards and nine iHeartRadio Music Awards. According to Forbes' 2019 list of highest-paid celebrities, the Chainsmokers were the highest-paid DJs, dethroning Calvin Harris after six years.",wikipedia,https://en.wikipedia.org/wiki/The_Chainsmokers
Yot Club,"John Ryan Kaiser, known professionally as Yot Club, is an American singer-songwriter and producer from Mississippi. He is best known for his single ""YKWIM?"", which was certified platinum by the Recording Industry Association of America in November 2022.",wikipedia,https://en.wikipedia.org/wiki/Yot_Club
IVE,"IVE (Hangul: ; Katakana: ) is a six-member South Korean girl group formed by . The group is composed of members: YUJIN ( ), ( ), REI ( ), ( ), LIZ ( ) and ( ). The group's name, IVE, is a contraction for ""I have"". It refers to the idea of showing what ""I have"" to the audience with confidence, where instead of telling the story of growth, the group intends to portray a ""complete girl group"" from the start. IVE was teased for the first time on November 9, 2021, with a short video revealing the group at first sight. Their debut was anticipated due to the public reputation of WONYOUNG and YUJIN, who were members of the popular girl group . IVE debuted on December 1st, 2021 with the single album with the title track as the lead single. It became one of the most successful girl group debuts, earning 45 million views on YouTube in under just a few days. The song also peaked at #2 on South Korean Gaon charts and #16 on Japan’s Hot 100. The group got their first music show win on December 8th, 2021, 7 days after their debut. On April 5, 2022, IVE made their first comeback with their second single album and title track . The single album out-performed , with 120,000 copies sold in under one day of the albums pre-release on stores. helped IVE gain more recognition and went on to receive several accolades, including the prestigious Song of the Year award at the MAMA Awards and the MelOn Music Awards in 2022. On August 22, 2022, IVE returned with their third single album and the title single . The song was another hit, selling 1.7 million albums overall, and sampled "" "" by . On January 16, 2023, IVE released their second Japanese single , a re-recording of their Korean single of the same name. From February 11 to 24, 2023, IVE embarked on the first leg of their first solo tour, The Prom Queens, which visited Seoul, Yokohama, and Kobe in six sold-out dates. On March 24, 2023, it was announced that the group had signed with for promotion in United States as part of Kakao Entertainment, the parent company of , partnership with the label. On April 10, 2023, their first full album titled was released, alongside the single . The song ascended to number one on the Circle Digital Chart, and became their third song to achieve a Perfect all-kill on Korean music charts in 2023 making the first group album to have two songs with Perfect all-kill since in 2011. On May 9, 2023, pre-released "" "", the lead single of their upcoming Japanese album . On July 13, 2023, released their promotional single, titled "" "" in collaboration with PEPSI. On October 13, 2023, released their first Korean-language extended play titled , along with the singles - "" "", "" "" and "" "". All three singles charted within the top 15 of Circle Digital Chart, with ""Baddie"" peaking at number 1 and becoming the group's fourth single to achieve a Perfect all-kill on Korean music charts. On January 19, 2024, released their first English-language digital single "" All Night "", featuring . The track is a remix of ""All Night"" by Swedish synth-pop duo Icona Pop. On April 12, 2024, they released the track "" "" as the new opening theme song for Pokémon Horizons. On April 29, 2024, would be releasing their second extended play and the singles and . On June 28, Ive released their second promotional single for PEPSI titled "" "". On August 28, 2024, released their second Japanese extended play . On November 8, the group released the single "" Supernova Love "" in collaboration with French DJ and record producer . On February 3, 2025, released their third extended play , along with the two singles: "" "", which was pre-released on January 13, and "" "". Both singles charted within the top 10 of Circle Digital Chart, with peaking at number 1 and becoming the group's fifth single to achieve a perfect all-kill on Korean music charts. The album itself also peaked at number 1 of Circle Album Chart making it their sixth album to reach number one and their fifth album to reach a million copies. On April 21, 2025, released their first Japanese-language soundtrack "" "" as the opening song for the Nippon TV drama Damemane! - We'll Manage a Useless Talent. On July 30, 2025, their third Japanese extended play was released, along with the lead single . On July 23, announced that IVE was in the preparations stage for their Korean comeback, which is slated for a late-August release. Later, on July 31, announced their fourth EP, titled "" "", will be released on August 25. Their lyrics often explore introspective themes of identity, self-perception, and self-love. Through tracks like ""Either Way"" and ""MY SATISFACTION,"" they confront the complexities of personal growth and empowerment. Additionally, they touch upon relatable themes of insecurity and self-discovery. Since the group's debut they have won various awards, including four MAMA Awards, seven MelOn Music Awards, five Golden Disc Awards, six Circle Chart Music Awards, two Seoul Music Awards, and MTV Video Music Awards Japan. IVE has won Rookie of the Year, Best Female Group, and Song of the Year on various award shows. - ———— Other bands that have performed under the name IVE (or ""Ive"") include: 2) eurodance artist 3) Japanese visual kei artist. 4) US Rapper 5) German rapper 6) Ivan Lins - Joana dos Barcos",lastfm,https://www.last.fm/music/IVE/+wiki
Maroon 5,"Maroon 5 is an American pop rock band formed in Los Angeles, California. It consists of lead vocalist and guitarist Adam Levine, rhythm guitarist and keyboardist Jesse Carmichael, lead guitarist James Valentine, drummer Matt Flynn, keyboardist PJ Morton, and bassist and keyboardist Sam Farrar. Original members Levine, Carmichael, bassist Mickey Madden, and drummer Ryan Dusick first came together as Kara's Flowers in February 1994, while they were in high school.",wikipedia,https://en.wikipedia.org/wiki/Maroon_5
Lady Gaga,"Stefani Joanne Angelina Germanotta, known professionally as Lady Gaga, is an American singer, songwriter, and actress. Known for her image reinventions and versatility across the entertainment industry, she is an influential figure in popular music. With estimated sales of 124 million records, she is one of the best-selling music artists of all time. Publications such as Billboard and Rolling Stone have ranked her among the greatest artists in history.",wikipedia,https://en.wikipedia.org/wiki/Lady_Gaga
Doja Cat,"Amala Ratna Zandile Dlamini, known professionally as Doja Cat, is an American rapper, singer, songwriter, and record producer. Regarded as the ""Queen of Pop-Rap"", she is known for her musical versatility, live performing skills and humorous internet presence. Billboard named her ""one of the world's biggest pop stars"" and ""one of the defining pop stars of this era"", and Time listed her as one of the world's most influential people in 2023.",wikipedia,https://en.wikipedia.org/wiki/Doja_Cat
Zion & Lennox,"Zion & Lennox was a Puerto Rican music duo from Carolina, Puerto Rico. In 2004, Zion & Lennox released their first studio album titled Motivando a la Yal under White Lion Records. After their first album, Zion & Lennox decided to start their own label, Baby Records Inc. The duo was made up of Félix Ortiz (Zion) and Gabriel Pizarro (Lennox).",wikipedia,https://en.wikipedia.org/wiki/Zion_%26_Lennox
Tate McRae,"Tate Rosner McRae is a Canadian singer, songwriter, and dancer. She first gained prominence as a contestant on the American reality television series So You Think You Can Dance in 2016. She signed with RCA Records and gained early recognition for her extended plays (EPs) All the Things I Never Said (2020) and Too Young to Be Sad (2021); the latter became the most streamed female EP of 2021 on Spotify and was preceded by the single ""You Broke Me First"", her first US Billboard Hot 100 entry.",wikipedia,https://en.wikipedia.org/wiki/Tate_McRae
Alok,"Alok Achkar Peres Petrillo (born August 26, 1991) is a Brazilian musician, DJ and record producer. He is known for his single "" "". In 2021, Alok was ranked the 4th best DJ in the world by DJ Mag, being the highest position occupied by a Brazilian. Alok has become one of the most prominent icons in the Brazilian electronic scene, with honors and awards, such as ""Best DJ in Brazil"" by House Mag in 2014 and 2015, and being the only Brazilian in the top 25 in the world the following year by DJ Mag magazine. In 2017, he was elected by Forbes Brasil as one of the most influential people under the age of 30 in the country. In July 2019, he launched Controversia Records, a sublabel of Spinnin' Records.",lastfm,https://www.last.fm/music/Alok/+wiki
Giveon,"Giveon Dezmann Evans, mononymously known as Giveon, is an American R&B singer and songwriter. 
He rose to prominence with his 2019 song ""Like I Want You"", which peaked at number 87 on the Billboard Hot 100. In 2020, Giveon signed with Epic Records to release two extended plays: the Grammy Award-nominated Take Time and When It's All Said and Done; the former was preceded by the single ""Heartbreak Anniversary"", which peaked at number 16 on the chart and received quintuple platinum certification by the Recording Industry Association of America (RIAA).",wikipedia,https://en.wikipedia.org/wiki/Giveon
Måneskin,"Måneskin are an Italian rock band formed in Rome in 2016.
The band is composed of lead vocalist Damiano David, bassist Victoria De Angelis, guitarist Thomas Raggi, and drummer Ethan Torchio. Performing in the streets in their early days, Måneskin rose to prominence after coming in second in the eleventh season of the Italian version of X Factor in 2017, where they were coached by Manuel Agnelli. Their international breakthrough occurred when the foursome won the Eurovision Song Contest 2021 for Italy, after also winning the Sanremo Music Festival, with the song ""Zitti e buoni"".",wikipedia,https://en.wikipedia.org/wiki/M%C3%A5neskin
Foster The People,"Foster the People is an American indie pop band formed in Los Angeles, California, in 2009. Its members include founder and frontman Mark Foster and keyboardist Isom Innis.",wikipedia,https://en.wikipedia.org/wiki/Foster_the_People
Kendrick Lamar,"Kendrick Lamar Duckworth is an American rapper, songwriter, and record producer. Rooted in West Coast hip-hop, his music features conscious, introspective lyrics, with political criticism and social commentary concerning African-American culture. Music journalists have listed Lamar among the greatest rappers of all time. In 2018, he became the first musician outside of the classical and jazz genres to receive the Pulitzer Prize for Music.",wikipedia,https://en.wikipedia.org/wiki/Kendrick_Lamar
Morgan Wallen,"Morgan Cole Wallen is an American country and country pop singer from Sneedville, Tennessee. In 2014, he competed in the sixth season of The Voice. After being eliminated in the playoffs, he signed to Panacea Records and released his debut extended play Stand Alone (2015). Later in 2016, Wallen signed to Big Loud to release his second extended play The Way I Talk (2016). His debut studio album If I Know Me (2018) included four singles: ""The Way I Talk"", ""Up Down"", ""Whiskey Glasses"", and ""Chasin' You"". If I Know Me, after a record-breaking 114 weeks on the Billboard Top Country Albums chart, reached No. 1.",wikipedia,https://en.wikipedia.org/wiki/Morgan_Wallen
Ariana Grande,"Ariana Grande-Butera is an American singer, songwriter, and actress. Known for her four-octave vocal range, which extends into the whistle register, she is an influential figure in popular music. Publications such as Rolling Stone and Billboard have deemed Grande one of the greatest artists in history, while Time included her on its list of the world's 100 most influential people in 2016 and 2019.",wikipedia,https://en.wikipedia.org/wiki/Ariana_Grande
One Direction,"One Direction, often shortened to 1D, were an English–Irish pop boy band formed in London in 2010. The group consisted of Niall Horan, Liam Payne, Harry Styles, Louis Tomlinson and Zayn Malik. The group sold over 70 million records worldwide, making them one of the best-selling boy bands of all time, before going on an indefinite hiatus in 2016.",wikipedia,https://en.wikipedia.org/wiki/One_Direction
Jax Jones,"Timucin Lam, known professionally as Jax Jones, is an English DJ and record producer. He rose to prominence in 2014 by featuring on Duke Dumont's number-one single ""I Got U"". He followed this with his own singles, ""You Don't Know Me"" featuring Raye in 2016, and ""Instruction"" featuring Demi Lovato and Stefflon Don in 2017. Jax's debut studio album, Snacks (Supersize) was released in 2019.",wikipedia,https://en.wikipedia.org/wiki/Jax_Jones
50 Cent,"Curtis James Jackson III, known professionally as 50 Cent, is an American rapper, actor, television producer, record executive, and businessman. Born in Queens, a borough of New York City, Jackson began pursuing a musical career in 1996. In 1999–2000, he recorded his debut album, Power of the Dollar, for Columbia Records. During a shooting in May 2000, he was struck by nine bullets, causing its release to be canceled and Jackson to be dropped from the label. His 2002 mixtape Guess Who's Back? was discovered by Detroit rapper Eminem, who signed Jackson to his label Shady Records that year.",wikipedia,https://en.wikipedia.org/wiki/50_Cent
Capital Cities,"Capital Cities is an American pop duo from Los Angeles, California, formed in 2008 by Ryan Merchant and Sebu Simonian. Their debut EP was released on June 7, 2011, with lead single ""Safe and Sound"" which became their only top ten hit single.",wikipedia,https://en.wikipedia.org/wiki/Capital_Cities_(duo)
Dr. Dre,"Andre Romell Young, known professionally as Dr. Dre, is an American rapper, record producer, record executive, and actor. He is the founder and CEO of Aftermath Entertainment and Beats Electronics, and co-founder of Death Row Records. Dre began his career as a member of the World Class Wreckin' Cru in 1984, and later found fame with the gangsta rap group N.W.A, which he formed in 1987 with Eazy-E, Ice Cube and Arabian Prince. The group popularized explicit lyrics in hip-hop to detail the violence of street life. N.W.A's debut album Straight Outta Compton (1989) was one of the most successful albums in the West Coast hip-hop scene, and is often credited for the rise in popularity of gangsta rap. During the early 1990s, Dre was credited as a key figure in the crafting and popularization of West Coast G-funk, a subgenre of hip-hop characterized by a synthesizer foundation and slow, heavy production.",wikipedia,https://en.wikipedia.org/wiki/Dr._Dre
Mark Ronson,"Mark Daniel Ronson is an English and American musician, record producer, and DJ. He has won ten Grammy Awards, including Producer of the Year for Amy Winehouse's album Back to Black (2006), as well as two for Record of the Year with her 2006 single ""Rehab"" and his own 2014 single ""Uptown Funk"". Ronson has also won an Academy Award for Best Original Song, a Golden Globe and a Grammy Award for co-writing ""Shallow"" for the film A Star Is Born (2018).",wikipedia,https://en.wikipedia.org/wiki/Mark_Ronson
Crush,"Crush is the name of at least fourteen different musical acts. 1) Crush ( ), born Shin Hyo-Seob on May 3, 1992, is a South-Korean R&B and hip-hop singer, rapper and songwriter. He is a member of the hip-hop crews Fanxy Child, Club Eskimo, and VV:D. 2) were formed in Newcastle-upon-Tyne in 1996 and featured Donna Air and Jayni Hoy (both then-teenage actresses in BBC TV's 'Byker Grove'). They released two singles in the UK, and , but disappointing sales led to their debut album (which included a cover of ) being shelved. Jayni Hoy then quit the duo and a replacement, , was drafted in. This line up released a remixed version of the debut album, now called , in the USA on Robins Records, in 1997. Much more dance/Europop orientated than the indie-pop of previous singles, this album retains the original vocals from Jayni on 8 of the 12 tracks, including several compositions by vocalist (rumor has it that the band were managed by her mum!). After the band split, Air moved into TV presenting, whilst Caporaso went on to front and electro-rock act . 3) The solo project of current Beach Fossils' drummer, Tom Gardner. 4) is a straight edge hardcore band from Pomona CA formed in early 2012 they tour and play shows whenever they can. They have a self-titled album released in Oct 2012. 5) Legendary Greek heavy metal band with one album in 1993: Kingdom of the Kings. 6) Previously known as , was a band on Atlantic Records from 1991 to 1993 featuring singer-songwriter Michael Bramon, guitarist-songwriter John Valentine Carruthers (formerly of - where he had replaced Robert Smith who had left to form ), and drummer-songwriter Paul Ferguson (formerly of -which he co-founded). 7) Hailing from Newfoundland and most recently based in Halifax, Nova Scotia, comprise Paul Lamb and Cory Tetford. Other members have included Santiago Serna, Scott MacFarlane and Brian Talbot. They have released two albums, 2002's Here and 2003's Face in the Crowd. 8) Crush was a British pop band of the early 1970s. The group was already active in Kent when, in late 1972, it was joined by guitarist and Moog player Rick Foster, who had just left . The band recorded a single, a cover version of Giorgio Moroder's 'Today's A Tomorrow', which sounded very Chicory Tip-ish. It was the band's only single. Crush folded and Rick Foster moved on to . 9) A Venezuelan pure black metal band. 10) Georgian heavy metal band. 11) Dutch teenage heavy metal band. 12) South African 90s punk band. 13) Oakland guitar rock band . 14) Swedish 90s shoegaze band. 15) Austrian indie pop band from Graz.",lastfm,https://www.last.fm/music/Crush/+wiki
Paulo Londra,Paulo Ezequiel Londra is an Argentine rapper and singer. His music has topped Argentine charts and has been highly successful across Argentina and Latin America.,wikipedia,https://en.wikipedia.org/wiki/Paulo_Londra
Elton John,"Sir Elton Hercules John is a British singer, songwriter and pianist. His music and showmanship have had a significant, lasting effect on the music industry, and his songwriting partnership with the lyricist Bernie Taupin is one of the most successful in history. John was the 19th person to achieve an ""EGOT"", winning Emmy, Grammy, Oscar, and Tony awards. He has sold over 300 million records worldwide, making him one of the best-selling music artists of all time.",wikipedia,https://en.wikipedia.org/wiki/Elton_John
TOTO,"Toto is an American rock band formed in Los Angeles, California, in 1977. The group blends elements of pop, rock, soul, funk, hard rock, R&B, blues, and jazz. They have released 14 studio albums and sold over 50 million records worldwide, receiving several Grammy Awards and an induction into the Musicians Hall of Fame and Museum in 2009. Keyboardist and vocalist David Paich and drummer Jeff Porcaro, both experienced session musicians, founded the band and were joined by bassist David Hungate, guitarist and vocalist Steve Lukather, keyboardist and vocalist Steve Porcaro, and vocalist Bobby Kimball before the release of their self-titled debut album in 1978. Led by the Top 5 single ""Hold the Line"", the album brought the band initial mainstream success. Their fourth album, ""Toto IV"" (1982), achieved global recognition, with ""Africa"" topping the Billboard Hot 100 and ""Rosanna"" reaching number 2, establishing Toto as one of the best-selling music groups of the era. After ""Toto IV"", Hungate and Kimball left the band. Hungate was replaced on bass by Mike Porcaro, and Kimball was succeeded by a series of vocalists, the longest-serving being Joseph Williams. Following Jeff Porcaro’s death in 1992, Simon Phillips became the band’s drummer. Although Toto did not repeat their peak U.S. radio success after the early 1980s, they continued to release albums and tour, achieving additional top-ten albums and singles in countries such as Japan and those in Scandinavia. Steve Lukather remains the only original member who continues to record and tour with the band, while David Paich remains an official member but has largely retired from touring. Since the 2010s, Toto has relied on contracted touring musicians to maintain live performances. As of 2023, the band has released fourteen studio albums, eight live albums, one movie soundtrack—1984’s ""Dune""—and several compilation albums. Their most recent studio release was ""Old Is New"" in 2018, after which they decided against recording further studio albums. In 2024 they launched the ""Dogz of Oz"" Tour, beginning in Red Bank, New Jersey. Studio albums (1978) (1979) (1981) (1982) (1984) (1986) (1988) (1992) (1995) (1999) (2002) (2006) (2015) (2018) Soundtrack albums (1984)",lastfm,https://www.last.fm/music/TOTO/+wiki
Becky G,"Rebbeca Marie Gomez, known professionally as Becky G, is an American singer and actress. Gomez first gained recognition in 2011 for her cover versions of popular songs, which she uploaded to YouTube. She is bilingual and often incorporates both Spanish and English in her music, showcasing her diverse cultural background. Her debut single ""Becky from the Block"" and her debut EP, Play It Again, were released in 2013, although both failed to chart. In 2014, Gomez achieved mainstream success with the release of ""Shower"", which reached the top twenty on the US Billboard Hot 100. In 2016, she released her first full Spanish-language single ""Sola"" as her debut into the Latin music market.",wikipedia,https://en.wikipedia.org/wiki/Becky_G
Wisin & Yandel,"Wisin & Yandel were a Puerto Rican reggaeton duo consisting of Wisin and Yandel. They started their career in 1998 and stayed together until 2023, winning several awards including a Grammy Award in 2009. They became the first reggaeton artists to win one. In late 2013, they announced they would take a pause in their career as a duo, after their Líderes Tour. In a 2014 interview with People en Español, Yandel confirmed that the group would not be disbanding. In February 2018, following a five-year hiatus, the duo announced they would be reuniting, and were set to embark on a world tour, as well as release new music. They sold over 15 million records.",wikipedia,https://en.wikipedia.org/wiki/Wisin_%26_Yandel
24kGoldn,"Golden Landis Von Jones, known professionally as 24kGoldn, is an American rapper. He initially saw recognition for his 2019 single ""Valentino"", which marked his first entry on the Billboard Hot 100, received double platinum certification by the Recording Industry Association of America (RIAA), and led him to sign with Barry Weiss' Records, an imprint of Columbia Records. His 2020 single, ""Mood"", peaked atop the Billboard Hot 100 and led his debut studio album El Dorado (2021), which peaked at number 22 on the Billboard 200.",wikipedia,https://en.wikipedia.org/wiki/24kGoldn
XXXTENTACION,"Jahseh Dwayne Ricardo Onfroy, professionally known as XXXTentacion, was an American rapper, singer-songwriter, and record producer. Though a controversial figure due to his widely publicized legal troubles, XXXTentacion gained a cult following among his young fan base during his short career with his depression and alienation-themed music. Critics and audiences often credit him for his musical versatility, with his music exploring emo, trap, trap metal, nu metal, indie rock, lo-fi, hip-hop, R&B, and punk rock. He was considered to be a leading figure in the establishment of the emo rap and SoundCloud rap genres, which garnered mainstream attention during the mid-to-late 2010s.",wikipedia,https://en.wikipedia.org/wiki/XXXTentacion
Aventura,"Aventura is an American bachata group formed in The Bronx, New York. With the lineup always consisting of the members Romeo Santos, Henry Santos, Lenny Santos, and Max Santos, they are regarded as one of the most influential Latin groups of all time. All of the members are of Dominican descent, although Romeo is also half Puerto Rican on his mother's side. They were the first major bachata act to have originated in the United States instead of the Dominican Republic. The group was integral to the evolution of bachata music and are the pioneers of the modern bachata sound.",wikipedia,https://en.wikipedia.org/wiki/Aventura_(band)
Vacations,"A vacation or holiday is either a leave of absence from a regular job or school or an instance of leisure travel away from home. People often take a vacation during specific holiday observances or for specific festivals or celebrations. Vacations are often spent with friends or family. Vacations may include a specific trip or journey, usually for the purpose of recreation or tourism.",wikipedia,https://en.wikipedia.org/wiki/Vacation
AP Dhillon,"Amritpal Singh ""AP"" Dhillon is an Indo-Canadian singer-rapper and record producer associated with Punjabi music. Five of his singles have peaked on the Official Charts Company UK Asian and Punjabi charts, while ""Majhail"" and ""Brown Munde"" have topped Billboard charts. Dhillon, alongside his label-mates Gurinder Gill, Shinda Kahlon, and Gminxr, works as a group under their label, Run-Up Records.",wikipedia,https://en.wikipedia.org/wiki/AP_Dhillon
Riton,"Henry Smithson, best known by his stage name Riton, is an English electronic music DJ and producer from Newcastle upon Tyne.",wikipedia,https://en.wikipedia.org/wiki/Riton_(musician)
MKTO,"MKTO is an American pop and hip hop duo, consisting of Malcolm Kelley and Tony Oller from Los Angeles. Their self-titled album was released on January 30, 2014, by Columbia Records. In July 2015, the duo released their first extended play, titled Bad Girls EP. As of 2022, the band has sold over 1 million records worldwide.",wikipedia,https://en.wikipedia.org/wiki/MKTO
Öwnboss,"Eduardo Fornasa Zaniolo, better known by his stage name Öwnboss, is a Brazilian electronic dance music producer and DJ from Florianópolis, Santa Catarina.",wikipedia,https://en.wikipedia.org/wiki/%C3%96wnboss
Duki,"Mauro Ezequiel Lombardo Quiroga, conocido artísticamente como Duki, es uno de los artistas más influyentes y populares en la escena del trap y la música urbana en Argentina y América Latina. Nació el 24 de junio de 1996 en Almagro, Buenos Aires. Inicios en la música Duki empezó a ganar notoriedad en la escena del freestyle argentino, particularmente en la competencia ""El Quinto Escalón"", junto a otros artistas emergentes como y . Su participación y victorias en estas batallas lo impulsaron a enfocarse en la creación de música original y grabada. Ascenso en el trap argentino En 2017, Duki lanzó el tema ""No Vendo Trap"", que se convirtió en un hit inmediato y consolidó su identidad dentro del trap argentino. Es reconocido como pionero del movimiento del trap en Argentina, fusionando rap, hip-hop y ritmos urbanos con letras que abordan la vida callejera, el dinero, el amor y la fama. Éxitos y colaboraciones Duki ha trabajado con destacados artistas de la escena urbana, tanto de Argentina como internacionalmente. Entre sus colaboraciones más conocidas están: y en ""Loca"" (2017), con un remix junto a . , , , y en diversos proyectos. Estilo y evolución musical Su estilo ha evolucionado combinando trap, reguetón, pop urbano y electrónica. Esto se refleja en su álbum (2021), donde muestra una faceta más versátil y madura, manteniendo sus raíces en el trap. Impacto cultural Duki ha influido en la cultura urbana joven, no solo con su música, sino también con su estética, look desenfadado y tatuajes, convirtiéndose en referente del streetwear y del estilo trap en Argentina y América Latina. Vida personal y redes Duki es cercano a sus fans y comparte abiertamente sus experiencias personales, incluyendo su salud mental y los desafíos de la fama, generando una conexión auténtica con su audiencia. Legado y proyección futura Con varios álbumes, sencillos exitosos y colaboraciones internacionales, Duki sigue siendo un referente del trap y la música urbana. Su capacidad de innovación y adaptación sugiere que continuará siendo un nombre relevante en la industria.",lastfm,https://www.last.fm/music/Duki/+wiki
Gorillaz,"Gorillaz are an English virtual band formed in 1998 by musician Damon Albarn and artist Jamie Hewlett. The band primarily consists of four fictional members: 2-D, Murdoc Niccals, Noodle and Russel Hobbs (drums). Their universe is presented in media such as music videos, interviews, comic strips and short cartoons. Gorillaz's music has featured collaborations with a wide range of musicians and featured artists, with Albarn as the only permanent musical contributor.",wikipedia,https://en.wikipedia.org/wiki/Gorillaz
Tiago PZK,"Tiago Uriel Pacheco Lezcano, better known by his stage name Tiago PZK, is an Argentine rapper and singer, mostly related with R&B, reggaeton and rap. His hit-singles are ""Sola"", ""Además de Mí"", ""Entre Nosotros"", ""Salimo de Noche"", and ""Cerca de Ti"".",wikipedia,https://en.wikipedia.org/wiki/Tiago_PZK
TV Girl,"TV Girl is an American indie pop band from San Diego, California, consisting of lead vocalist Brad Petering, drummer Jason Wyman, and keyboardist Wyatt Harmon.",wikipedia,https://en.wikipedia.org/wiki/TV_Girl
Shubh,"Shubhneet Singh, known professionally as Shubh, is an Indian rapper, singer, and songwriter associated with Punjabi music. Based in Brampton, Ontario, Shubh rose to mainstream in 2021 with his single ""We Rollin"". He released his debut album Still Rollin in 2023. His numerous singles have charted on the Canadian Hot 100, New Zealand Chart, UK Singles Chart and Billboard India. His single ""Baller"" charted on the Canadian Hot 100. In 2023, his song ""Cheques"" from his debut album Still Rollin peaked at number 3 on Billboard India Songs, while album was charted on Canadian Albums Chart and New Zealand Albums Chart.",wikipedia,https://en.wikipedia.org/wiki/Shubh
Charlie Puth,"Charles Otto Puth Jr. is an American singer-songwriter, musician, and record producer. His initial exposure came through the viral success of his song covers uploaded to YouTube. Puth signed with the record label eleveneleven in 2011.",wikipedia,https://en.wikipedia.org/wiki/Charlie_Puth
De La Ghetto,"Rafael Castillo Torres, known professionally as De la Ghetto, is an American singer and rapper who is the one-half member of the reggaeton duo Arcángel & De la Ghetto, alongside Arcángel. He is known for fusing reggaeton music with hip hop and trap rhythms, eventually creating Latin trap music.",wikipedia,https://en.wikipedia.org/wiki/De_la_Ghetto
BØRNS,"Garrett Clark Borns, better known by his stage name Børns, is an American singer, songwriter, and multi-instrumentalist.",wikipedia,https://en.wikipedia.org/wiki/B%C3%B8rns
El Alfa,"Emanuel Herrera Batista, known professionally as El Alfa or El Alfa El Jefe, is a Dominican rapper, known as the King of Dembow. Batista was born in Bajos de Haina, San Cristobal. He is known for his initial afro hairstyle which led him to popularity in the early 2010s through songs like ""Tarzan"", ""Coche Bomba"" and ""Muevete Jevi"". He went on to form relationships with many artists from Puerto Rico, such as Bad Bunny, Nicky Jam, Farruko, and Myke Towers among others. This resulted in one of the biggest collaborations in dembow history, led by El Alfa, when he released ""Suave (Remix)"" in December 2018 alongside Chencho Corleone, Bryant Myers, Miky Woodz, Jon Z and Noriel.",wikipedia,https://en.wikipedia.org/wiki/El_Alfa
A$AP Rocky,"Rakim Athelston Mayers, known professionally as ASAP Rocky, is an American rapper, record producer, actor, fashion designer, and model. Born and raised in Harlem, he embarked on his musical career as a member of the hip hop collective ASAP Mob, from which he adopted his stage name. In August 2011, Mayers' single ""Peso"" was leaked online and began receiving radio airplay within weeks, propelling cloud rap into mainstream attention. He signed with Polo Grounds Music, an imprint of RCA Records, that October and released his debut mixtape, Live. Love. A$AP to widespread critical acclaim.",wikipedia,https://en.wikipedia.org/wiki/ASAP_Rocky
Yohani,"Yohani Diloka de Silva, known mononymously as Yohani, is a Sri Lankan singer-songwriter, rapper, and YouTuber. She started her music career as a YouTuber. She soon gained recognition for her cover of 'Manike Mage Hithe' and released many covers of her singing and rapping which have earned her the title ""Rap Princess"" of Sri Lanka. She rose to prominence and gained global recognition for her cover of ""Manike Mage Hithe"". She also became the first Sri Lankan female singer to surpass a total of 3.60 million subscribers on YouTube.",wikipedia,https://en.wikipedia.org/wiki/Yohani
French Montana,"Karim Kharbouch, known professionally as French Montana, is a Moroccan and American rapper. Born and raised in Morocco, he immigrated to New York City with his family at the age of 13 and began his career as a battle rapper in the early 2000s — under the name Young French. He first gained recognition hosting the locally-tailored DVD series Cocaine City during the 2000s, which centered around interviews of hip hop figures. He pursued a recording career while doing so, releasing several underground projects before signing with Sean Combs's Bad Boy Records and Rick Ross's Maybach Music Group, in a triple-joint venture with Interscope Records in 2012.",wikipedia,https://en.wikipedia.org/wiki/French_Montana
Train,"Train is an American pop rock band from San Francisco that formed in 1993. As of 2025, the band consists of Pat Monahan, Butch Walker, Hector Maldonado, Jerry Becker, and Matt Musty (drums). The band has had many lineup changes, with Monahan serving as the sole constant and sole original founding member.",wikipedia,https://en.wikipedia.org/wiki/Train_(band)
New West,"New West Records is a record label based in Nashville and Athens, Georgia. It previously had offices in Burbank, California and Beverly Hills, California. From 2013 to 2018, New West's records in the U.S. were distributed by Alternative Distribution Alliance, and since September 2018, Redeye Distribution has taken over American distribution. New West Records exclusively releases CDs and DVDs for the award-winning television program Austin City Limits.",wikipedia,https://en.wikipedia.org/wiki/New_West_Records
Gym Class Heroes,"Gym Class Heroes is an American rap rock band from Geneva, New York. The group formed in 1997 when Travie McCoy met drummer Matt McGinley during their high school gym class. The band's music displays a wide variety of influences, including hip hop, rock, funk, and reggae.",wikipedia,https://en.wikipedia.org/wiki/Gym_Class_Heroes
Mac DeMarco,"McBriare Samuel Lanyon DeMarco is a Canadian singer-songwriter, multi-instrumentalist and producer. DeMarco initially emerged in the indie music scene in 2012, and has since released six full-length studio albums: his debut 2 (2012), Salad Days (2014), This Old Dog (2017), Here Comes the Cowboy (2019), Five Easy Hot Dogs (2023) and Guitar (2025). He additionally released the mini-albums Rock and Roll Night Club in 2012 and Another One in 2015, as well as the compilation album One Wayne G in 2023. In 2018, DeMarco established his own record label by the name of ""Mac's Record Label"".",wikipedia,https://en.wikipedia.org/wiki/Mac_DeMarco
Shouse,"Shouse are an Australian-New Zealand electronic music duo consisting of Jack Madin and Ed Service. They are best known for their 2017 single ""Love Tonight"", which experienced renewed popularity in 2021.",wikipedia,https://en.wikipedia.org/wiki/Shouse_(duo)
Lil Tjay,"Tione Jayden Merritt, known professionally as Lil Tjay, is an American rapper. He rose to prominence with his 2017 single ""Resume"", and signed with Columbia Records following the success of his 2018 single ""Brothers"", which received triple platinum certification by the Recording Industry Association of America (RIAA). His guest appearance on Polo G's 2019 single, ""Pop Out"" marked his first entry on the Billboard Hot 100—peaking at number 11—while his own single, ""F.N"" became his first to do so as a lead artist. Each preceded the release of his debut studio album, True 2 Myself (2019), which peaked at number five on the Billboard 200.",wikipedia,https://en.wikipedia.org/wiki/Lil_Tjay
Backstreet Boys,"Backstreet Boys are an American vocal group and pop boy band consisting of Nick Carter, Howie Dorough, AJ McLean, and cousins Brian Littrell and Kevin Richardson. The band formed in 1993 in Orlando, Florida.",wikipedia,https://en.wikipedia.org/wiki/Backstreet_Boys
Natti Natasha,"Natalia Alexandra Gutiérrez Batista, better known by her stage name Natti Natasha, is a Dominican singer. She was signed to Don Omar's label Orfanato Music Group. Her debut EP, All About Me, was released on March 28, 2012, by Orfanato Music Group. Her debut album, Iluminatti, was released on February 15, 2019, by Pina Records and Sony Music Latin.",wikipedia,https://en.wikipedia.org/wiki/Natti_Natasha
PSY,"Park Jae-sang, better known as Psy, is a South Korean rapper, singer, songwriter, and record producer. He has received numerous accolades, including an American Music Award, a World Music Award, 10 MAMA Awards. He is the founder of the talent agency P Nation.",wikipedia,https://en.wikipedia.org/wiki/Psy
Lil Peep,"Gustav Elijah Åhr, known professionally as Lil Peep, was an American rapper and singer-songwriter. He was a member of the hip-hop collective GothBoiClique, and is credited as being a leading figure of the emo rap sub-genre, and an inspiration in alternative youth subcultures.",wikipedia,https://en.wikipedia.org/wiki/Lil_Peep
Regard,"Dardan Aliu, mostly known as Regard, is an Albainian-Kosovan DJ and record producer. Born and raised in Ferizaj, he made his international breakthrough in 2019 with his cover of Jay Sean's 2008 single ""Ride It"", which resulted in commercial success worldwide.",wikipedia,https://en.wikipedia.org/wiki/Regard_(DJ)
Sleepy Hallow,"Tegan Joshua Anthony Chambers, known professionally as Sleepy Hallow, is a Jamaican-American rapper and singer-songwriter who specializes in Brooklyn drill. Born in Jamaica, Chambers was raised in Flatbush, Brooklyn, New York City, alongside frequent collaborator and co-founder of Winners Circle Entertainment Sheff G.",wikipedia,https://en.wikipedia.org/wiki/Sleepy_Hallow
2Pac,"Tupac Amaru Shakur, also known by his stage names 2Pac and Makaveli, was an American rapper and actor. He was one of the most influential musical artists of the 20th century, and a prominent political activist for Black America. He is among the best-selling music artists, having sold more than 75 million records worldwide. Some of Shakur's music addressed social injustice, political issues, and the marginalization of African Americans, but he was also synonymous with gangsta rap and violent lyrics.",wikipedia,https://en.wikipedia.org/wiki/Tupac_Shakur
Liana Flores,"Liana Flores is a British-Brazilian singer-songwriter and guitarist. After independently releasing two extended plays The Water's Fine! (2018) and Recently (2019), her debut studio album Flower of the Soul was released under Verve and Fiction in June 2024.",wikipedia,https://en.wikipedia.org/wiki/Liana_Flores
Joel Corry,"Joel Corry is an English DJ, producer, bodybuilder, and television personality. He came to prominence in 2019 with the release of his single ""Sorry"", featuring vocals from Hayley May, which reached number six in the UK Singles Chart. In 2020, Corry released the singles ""Lonely"" and ""Head & Heart"". The latter, which features MNEK on vocals, spent six weeks at number one on the UK Singles Chart and also became Corry's first entry on the US Billboard Hot 100.",wikipedia,https://en.wikipedia.org/wiki/Joel_Corry
Marc Seguí,,none,
Akon,"Aliaune Damala Bouga Time Puru Nacka Lu Lu Lu Badara Akon Thiam, is a Senegalese-American singer, songwriter, record producer, businessman and philanthropist. An influential figure in world music, he rose to prominence in 2004 following the release of his single ""Locked Up"". Styled in hip-hop, it preceded the release of his debut studio album Trouble (2004), which became his commercial breakthrough and spawned the R&B-styled follow-up, ""Lonely"", the following year.",wikipedia,https://en.wikipedia.org/wiki/Akon
Calvin Harris,"Adam Richard Wiles, known professionally as Calvin Harris, is a Scottish DJ, record producer, singer, and songwriter. His debut studio album, I Created Disco (2007) was preceded by the singles ""Acceptable in the 80s"" and ""The Girls"", both of which achieved commercial success in Europe, as well as in Australia. His second album, Ready for the Weekend (2009), debuted atop the official album charts in Scotland, as well as in the United Kingdom, and its lead single, ""I'm Not Alone"", became his first song to reach number one in the UK Singles Charts.",wikipedia,https://en.wikipedia.org/wiki/Calvin_Harris
Dire Straits,"Dire Straits were a British rock band formed in London in 1977 by Mark Knopfler, David Knopfler, John Illsley, and Pick Withers. The band was active from 1977 to 1988 and again from 1990 to 1995.",wikipedia,https://en.wikipedia.org/wiki/Dire_Straits
Jonas Brothers,"The Jonas Brothers are an American pop rock band formed in 2005 comprising brothers Kevin Jonas, Joe Jonas, and Nick Jonas. Raised in Wyckoff, New Jersey, the Jonas Brothers moved to Little Falls, New Jersey, in 2005, where they wrote their first record that made its release on Hollywood Records, a Disney-owned record label, after which they gained popularity from their appearances on Disney Channel. They starred in the 2008 Disney Channel Original Movie Camp Rock and its 2010 sequel, Camp Rock 2: The Final Jam. They also starred in their own Disney Channel series Jonas, which was rebranded as Jonas L.A. for its second season. The band has released seven albums: It's About Time (2006), Jonas Brothers (2007), A Little Bit Longer (2008), Lines, Vines and Trying Times (2009), Happiness Begins (2019), The Album (2023) and Greetings from Your Hometown (2025).",wikipedia,https://en.wikipedia.org/wiki/Jonas_Brothers
Travis Scott,"Jacques Bermon Webster II, known professionally as Travis Scott, formerly stylized as Travi$ Scott, is an American rapper, singer, songwriter, and record producer. Scott has had five number-one hits on the U.S. Billboard Hot 100 chart, along with a total of over one hundred charting songs. In addition to ten Grammy Award nominations, he has won a Latin Grammy Award, Billboard Music Award, MTV Video Music Award, and several BET Hip Hop Awards. Scott's musical style has been described as a ""blend between traditional hip-hop and lo-fi"" and often characterized as an ""ambient"" drawing of notable influence from rappers Kanye West and Kid Cudi. His stage name is derived from the latter's real name, Scott Mescudi, combined with the name of a favorite uncle.",wikipedia,https://en.wikipedia.org/wiki/Travis_Scott
Chris Stapleton,"Christopher Alvin Stapleton is an American singer-songwriter and guitarist. Born in Kentucky, he moved to Nashville in 1996 to study for an engineering degree from Vanderbilt University, but dropped out to pursue a career in music. Shortly after, Stapleton signed a contract with Sea Gayle Music to write and publish his music.",wikipedia,https://en.wikipedia.org/wiki/Chris_Stapleton
SAINt JHN,"Carlos St. John Phillips, known professionally as Saint Jhn, is an American and Guyanese rapper and singer.",wikipedia,https://en.wikipedia.org/wiki/Saint_Jhn
Cults,"Cults is an American indie pop band formed in New York City in 2010, comprising multi-instrumentalists Madeline Follin and Brian Oblivion. The band first rose to prominence after the release of their debut extended play, Cults 7"" (2010), which was released on their Bandcamp page. They signed with English singer Lily Allen's record label In the Name Of, an imprint of Sony Music, to release their eponymous debut studio album (2011). Their song ""Bad Things"" was sampled by American rapper J. Cole for his 2013 single ""She Knows"", on which they were credited as featured artists.",wikipedia,https://en.wikipedia.org/wiki/Cults_(band)
Metro Boomin,"Leland Tyler Wayne, known professionally as Metro Boomin, is an American record producer. Widely acclaimed for his dark and cinematic production style, he is regarded as one of the most influential producers in contemporary hip-hop and trap music. He has most notably worked with a string of artists including Future, 21 Savage, Migos, Gucci Mane, Kanye West, the Weeknd, Young Thug, Drake, and Travis Scott.",wikipedia,https://en.wikipedia.org/wiki/Metro_Boomin
Ricky Montgomery,"Richard Owen Holmes Montgomery is an American singer-songwriter. He is best known for his breakout hits ""Mr. Loverman"" and ""Line Without a Hook,"" which went viral on TikTok in 2020.",wikipedia,https://en.wikipedia.org/wiki/Ricky_Montgomery
Luke Combs,"Luke Albert Combs is an American country singer. He was born in North Carolina and grew up there, performing as a child. After leaving college to pursue a career in music, he moved to Nashville and released his debut EP, The Way She Rides, in 2014.",wikipedia,https://en.wikipedia.org/wiki/Luke_Combs
Ali Gatie,"Ali Gatie is an Iraqi–Canadian singer and songwriter managed by SAL&CO. In 2019, his song ""It's You"" achieved worldwide success, charting on the US Billboard Hot 100 peaked at number 70 and reaching the top 30 in Australia, Canada, Ireland and Sweden, as well as the top 10 in New Zealand and in Germany.",wikipedia,https://en.wikipedia.org/wiki/Ali_Gatie
Van Morrison,"Sir George Ivan ""Van"" Morrison is a Northern Irish musician, singer, and songwriter whose recording career started in the 1960s. Morrison's albums have performed well in the UK and Ireland, with more than 40 reaching the UK Top 40, as well as internationally, including in Germany, the Netherlands and Switzerland.",wikipedia,https://en.wikipedia.org/wiki/Van_Morrison
Troye Sivan,"Troye Sivan Mellet is an Australian singer-songwriter and actor. After gaining popularity as a singer on YouTube and in Australian talent competitions, Sivan signed with EMI Australia in 2013. He earned early recognition for his extended plays (EPs) TRXYE (2014) and Wild (2015); the former peaked at number 5 on the US Billboard 200, while his debut single, ""Happy Little Pill"", reached the Top 10 on Australian music charts.",wikipedia,https://en.wikipedia.org/wiki/Troye_Sivan
Snow Patrol,"Snow Patrol are a Northern Irish rock band formed in 1994 in Dundee, Scotland, consisting of Gary Lightbody, Nathan Connolly, and Johnny McDaid ; Lightbody is the band's sole remaining original member.",wikipedia,https://en.wikipedia.org/wiki/Snow_Patrol
Duncan Laurence,"Duncan de Moor, known professionally as Duncan Laurence, is a Dutch singer and songwriter. He represented the Netherlands in the Eurovision Song Contest 2019 with his song ""Arcade"" and went on to win the competition, giving the Netherlands its first Eurovision win since 1975. ""Arcade"" became one of the most successful Eurovision Song Contest winning entries on streaming platforms and international charts in recent history. Prior to Eurovision, Laurence was a semi-finalist in the fifth season of The Voice of Holland.",wikipedia,https://en.wikipedia.org/wiki/Duncan_Laurence
Rvssian,"Tarik Johnston, commonly known as Rvssian and previously as Russian, is a Jamaican record producer, singer, and entrepreneur. He is the founder of Head Concussion, a music production company situated in Kingston, Jamaica.",wikipedia,https://en.wikipedia.org/wiki/Rvssian
Sleep Miracle,,none,
Suki Waterhouse,"Alice Suki Waterhouse is an English actress, singer, and model. Waterhouse began a career in modelling at the age of 16, and she went on to model for several major fashion labels such as Burberry, Tommy Hilfiger, Hugo Boss, Laura Mercier, and Ferragamo. Her first feature film as an actress was a minor role in Pusher (2012), and she has since appeared in films such as Love, Rosie (2014), The Divergent Series: Insurgent (2015), The Bad Batch (2016), Assassination Nation (2018), and Detective Pikachu (2019). Waterhouse portrayed Karen Sirko in the musical drama miniseries Daisy Jones & the Six (2023).",wikipedia,https://en.wikipedia.org/wiki/Suki_Waterhouse
Joy Again,"Joy Again was an American indie rock band from Philadelphia, Pennsylvania. Founded in 2014, the band consisted of singer and guitarists Sachi DiSerafino and Arthur Shea, keyboardists Blaise O'Brien and Zachary Tyndall, bassist Kieran Ferris, and drummer Will Butera.",wikipedia,https://en.wikipedia.org/wiki/Joy_Again
The Script,"The Script are an Irish pop rock band formed in 2001 in Dublin. The band currently consists of Danny O'Donoghue ,Benjamin Seargent and Ben Weaver (guitar). Glen Power has not been with the band since early 2025, current drummer unknown. Mark Sheehan was a member of the band up until his death in 2023. The band moved to London after signing to Sony Label Group imprint Phonogenic and released their first album The Script in August 2008, preceded by the debut single ""We Cry"" as well as other singles such as ""The Man Who Can't Be Moved"", ""Breakeven"" and ""Before the Worst"". The album peaked at number one in both Ireland and the UK.",wikipedia,https://en.wikipedia.org/wiki/The_Script
David Guetta,"Pierre David Guetta is a French DJ and record producer. He has sold over 10 million albums and 65 million singles globally, with more than 30 billion streams on Spotify. Guetta was voted the number one DJ in the DJ Mag Top 100 DJs polls in 2011, 2020, 2021, 2023 and 2025. In 2013, Billboard ranked his song ""When Love Takes Over"" as the number one dance-pop collaboration of all time.",wikipedia,https://en.wikipedia.org/wiki/David_Guetta
Selena Gomez,"Selena Marie Gomez is an American actress, singer, songwriter, businesswoman, and producer. Gomez began her career as a child actress, appearing on the children's television series Barney & Friends (2002–2004), and emerged as a teen idol for her leading role as Alex Russo on the Disney Channel sitcom Wizards of Waverly Place (2007–2012). She signed with Hollywood Records in 2008 and formed the band Selena Gomez & the Scene, which released three albums: Kiss & Tell (2009), A Year Without Rain (2010), and When the Sun Goes Down (2011).",wikipedia,https://en.wikipedia.org/wiki/Selena_Gomez
Declan McKenna,"Declan Benedict McKenna is an English singer-songwriter. He initially gained recognition for winning the Glastonbury Festival's Emerging Talent Competition in 2015. McKenna self-released the song ""Brazil"", a protest song criticising FIFA and the 2014 FIFA World Cup held in Brazil, as his debut single in December 2015. The song reached number one on Sirius XM Radio's Alt Nation Alt 18 Countdown for 23 January 2016 and held that spot for three weeks. The song also reached number 16 on the U.S. Billboard Alternative Songs chart. He released his debut studio album, What Do You Think About the Car?, in 2017. McKenna released his second studio album, Zeros, in September 2020, after multiple delays due to the COVID-19 pandemic. He released his third album, What Happened to the Beach?, in February 2024.",wikipedia,https://en.wikipedia.org/wiki/Declan_McKenna
Axwell /\ Ingrosso,Axwell & Ingrosso are a Swedish DJ duo consisting of Swedish House Mafia members Axwell and Sebastian Ingrosso. They made their debut performance at the 2014 Governors Ball Music Festival in New York City in June.,wikipedia,https://en.wikipedia.org/wiki/Axwell_%26_Ingrosso
Myke Towers,"Michael Anthony Torres Monge, known professionally as Myke Towers, is a Puerto Rican rapper and singer. He was recognized as New Artist of the Year by the Billboard Latin Music Awards in 2021 and has been nominated at the Latin Grammys. To date, Towers has released 7 studio albums and is co-managed by One World International and S10 Entertainment.",wikipedia,https://en.wikipedia.org/wiki/Myke_Towers
5 Seconds of Summer,"5 Seconds of Summer, often shortened to 5SOS, are an Australian pop rock band formed in Sydney in 2011. The group consists of lead vocalist and rhythm guitarist Luke Hemmings, lead guitarist Michael Clifford, bassist Calum Hood, and drummer Ashton Irwin. Originally beginning their career as YouTube celebrities, they rose to international fame while touring with English-Irish boy band One Direction on their Take Me Home Tour. Since 2014, 5 Seconds of Summer have sold more than 10 million albums, sold over 2 million concert tickets worldwide, and have attained more than 7 billion streams of their songs on music streaming services, making them one of the most successful Australian musical acts in history.",wikipedia,https://en.wikipedia.org/wiki/5_Seconds_of_Summer
ZAYN,"Zayn Malik is a multi-talented English singer-songwriter best known as one of the founding members of the boy-band-of-a-generation One Direction. Born Zain Javadd Malik on January 12, 1993 in the working-class town of Bradford in West Yorkshire, England, Zayn honed his vocal talents and stage command at a young age. Growing up as a mixed race Pakistani-English Muslim in a postindustrial British town presented some difficulties, which resulted in a number of primary school changes. His talents were eventually fostered at Tong High School, where he delved into performing arts and stage production, even starring as Danny Zuko in the school's production of Grease. In 2010, he auditioned for The X Factor but was eliminated (along with his future One Direction bandmates, who also auditioned solo). The quintet was later brought back as a group and Simon Cowell dubbed them One Direction. Despite finishing in third place, their popularity exploded and would not slow their trajectory until the very end. After the show, Cowell immediately signed them to his label, Syco Records, kicking off a craze that hadn't been seen since the turn of the millennium with the Backstreet Boys and *NSYNC. From 2011 to 2014, One Direction released an album each year, each one more successful than the last. Their fourth album, Four, would turn out to be the last with Zayn. In March 2015, while the band was on the On the Road Again Tour, Malik abruptly parted ways with One Direction a week after his final appearance with the group in Hong Kong. Citing stress and a desire for a simpler life out of the spotlight, Malik later revealed that he simply wanted to make music that he could listen to and enjoy. Striking out on his own, he signed with RCA Records and moved to Los Angeles, where he began working on his solo effort with Naughty Boy (Beyoncé, Sam Smith). The two soon parted and Malik turned to Frank Ocean collaborator James ""Malay"" Ho for production help. His debut single, ""Pillowtalk,"" was released in late January 2016, debuted at number one on the Billboard charts, and featured a distinctly more adult-themed alt-R&B sound, similar to the Weeknd and Miguel. His full-length debut, Mind of Mine, was released in early 2016 and topped the Billboard 200 chart. Late that year, he returned with the single ""I Don't Wanna Live Forever,"" a collaboration with Taylor Swift and Bleachers' Jack Antonoff that appeared on the soundtrack to Fifty Shades Darker. Second studio album, ""Icarus Falls,"" was released in December 2018. The album contains 27 tracks including six previous singles he has been released. His song with Sia, ""Dusk Till Dawn"" and and his song with PartyNextDoor, ""Still Got Time"" were initially only in Japanese edition of the record. However, in August 2020 these songs were added to the tracklist in streaming services internationally. In September 2020, Zayn released ""Better"" which is the lead single of his third album ""Nobody Is Listening"" . Later, on January, one week before the album release, Zayn released ""Vibez"" as second single from the album. One week later Zayn released the album. Zayn described this album as ""his most personal project"". Malik has now been released by RCA Records and is an free agent he remains at his home in Pennsylvania recording music. 2.) Zayn (arabic, refers to inner beauty) is an instrumental quartet from Croatia formed in 2011 by Miran Kapelac (bass), Bojan Gatalica (guitar), Marko Dragičević (guitar) and Alen Rožman (drums).",lastfm,https://www.last.fm/music/ZAYN/+wiki
MC Kevin o Chris,"Kevin de Oliveira Zanoni, better known by his stage name Kevin o Chris, is a Brazilian funk singer from Rio de Janeiro, known as one of the main representatives of the 150 BPM style.",wikipedia,https://en.wikipedia.org/wiki/Kevin_O_Chris
Niall Horan,"Niall James Horan is an Irish singer-songwriter. He rose to prominence as a member of the boy band One Direction, formed in 2010 on the singing competition The X Factor. The group released five albums and went on to become one of the best-selling boy bands of all time.",wikipedia,https://en.wikipedia.org/wiki/Niall_Horan
Maluma,"Juan Luis Londoño Arias, known professionally as Maluma, is a Colombian rapper, singer, songwriter and actor. Born and raised in Medellín, he developed an interest in music at a young age, recording songs since age sixteen. Arias released his debut album, Magia, a year later in 2012. But, his breakthrough album was 2015's Pretty Boy, Dirty Boy, which led to successful collaborations with many artists. He released F.A.M.E. in 2018, another commercial success. He followed it with 11:11 in 2019, and Papi Juancho, surprise-released in 2020. His single ""Hawái"" reached number three on the Billboard Global 200, and became the first number one single on the Billboard Global Excl. U.S. chart. Selling more than 18 million records, Maluma is one of the best-selling Latin music artists. Musically, Maluma's songs have been described as reggaeton, Latin trap, and pop.",wikipedia,https://en.wikipedia.org/wiki/Maluma
Majestic,"Kevin Adam Christie, known professionally as Majestic, is an English musician. His singles ""Creeping in the Dark"", ""Naughty Sesh"", and ""Set My Heart on Fire"" charted at numbers 75, 52, and 39 on the UK Singles Chart respectively. His remix of Boney M.'s ""Rasputin"" and cover of Whitney Houston's ""Million Dollar Bill"" charted at numbers 11 and 67 on the same chart, and his vocals have also been sampled in Skrillex's ""Ruffneck "" and Droideka's ""Get Hyper"", which charted at numbers 89 and 29 respectively. In 2020, his album track ""Fresh"" with FooR and Dread MC on 2018's Friends of FooR was used in an advertising campaign for Coors Light.",wikipedia,https://en.wikipedia.org/wiki/Majestic_(musician)
Roar,Roar is an American solo musical project of Arizona-based musician Owen Richard Evans. He started the project in 2010 by releasing the extended play I Can't Handle Change. Evans has since released two more extended plays and four studio albums under the moniker.,wikipedia,https://en.wikipedia.org/wiki/Roar_(musician)
Imagine Dragons,"Imagine Dragons are an American pop rock band formed in 2008, based in Las Vegas, Nevada. The band currently consists of lead singer Dan Reynolds, guitarist Wayne Sermon, and bassist Ben McKee. Their debut single, ""It's Time"", was released in February 2012, reaching the Top 20 of various charts around the world. Their debut album, Night Visions, which resulted in the chart-topping singles ""Radioactive"" and ""Demons"", reached No. 2 in America on release in September 2012, and achieved Platinum sales by June 2013. Rolling Stone named ""Radioactive"", which held the record for most weeks charted on the Billboard Hot 100, the ""biggest rock hit of the year"". MTV called them ""the year's biggest breakout band"", and Billboard named them their ""Breakthrough Band of 2013"" and ""Biggest Band of 2017"", and placed them at the top of their ""Year in Rock"" rankings for 2013, 2017, and 2018. Imagine Dragons topped the Billboard Year-End ""Top Artists – Duo/Group"" category in 2018.",wikipedia,https://en.wikipedia.org/wiki/Imagine_Dragons
Gabry Ponte,"Gabriele ""Gabry"" Ponte is an Italian musician, DJ and producer, best known as a member of Eiffel 65.",wikipedia,https://en.wikipedia.org/wiki/Gabry_Ponte
Kygo,"Kyrre Gørvell-Dahll, known professionally as Kygo, is a Norwegian record producer. He first received international attention with his December 2013 remix of the track ""I See Fire"" by Ed Sheeran and his December 2014 single ""Firestone"". In late 2015, he reached one billion streams on Spotify faster than any other artist, and by June 2016, he had reached two billion streams.",wikipedia,https://en.wikipedia.org/wiki/Kygo
Rels B,"Daniel Heredia Vidal, known professionally as Rels B, is a Spanish rapper, songwriter and record producer. He is considered one of the great rising stars of the Spanish urbano music.",wikipedia,https://en.wikipedia.org/wiki/Rels_B
Luciano,"Luciano is an Italian, Spanish and Portuguese given name and surname. It is derived from Latin Lucianus, patronymic of Lucius (""Light""). The French form is Lucien, the Catalan version is Llucià while the Basque form is Luken.",wikipedia,https://en.wikipedia.org/wiki/Luciano
Kodaline,"Kodaline are an Irish rock band. Originally known as 21 Demands, the band adopted their current name in 2012 to coincide with the changing of their music. The group comprises Steve Garrigan, Vincent May, Mark Prendergast, and Jason Boland.",wikipedia,https://en.wikipedia.org/wiki/Kodaline
Beach Bunny,"Beach Bunny is an American rock band formed in 2015 in Chicago, Illinois. Initially a solo project by guitarist and vocalist Lili Trifilio, Beach Bunny became a full band in 2017. The group achieved widespread popularity after their 2018 song ""Prom Queen"" went viral on TikTok in late 2019. Their 2020 song ""Cloud 9"" also went viral on TikTok in 2021.",wikipedia,https://en.wikipedia.org/wiki/Beach_Bunny_(band)
MGMT,"MGMT is an American rock band formed by Andrew VanWyngarden and Benjamin Goldwasser in 2002 in Middletown, Connecticut. The band was originally known as ""The Management"" before rebranding as MGMT in 2005. Originally signed to Cantora Records by the label's co-founder, New York University undergrad Will Griggs, MGMT later signed with Columbia and RED Ink in 2006 and released their debut album Oracular Spectacular the next year.",wikipedia,https://en.wikipedia.org/wiki/MGMT
The Wanted,"The Wanted are a British-Irish boy band formed in 2009, and originally consisted of members Max George, Siva Kaneswaran, Jay McGuiness, Tom Parker, and Nathan Sykes. The group signed a worldwide contract to Universal Music, Island Records and Mercury Records, and was managed by Scooter Braun.",wikipedia,https://en.wikipedia.org/wiki/The_Wanted
Rixton,"Push Baby are a British pop duo from Manchester, England consisting of singer Jake Roche and multi-instrumentalist Charley Bagnall. They are signed to their own indie label, Wow, Big Legend.",wikipedia,https://en.wikipedia.org/wiki/Push_Baby
Girls' Generation,"Girls' Generation, also known as SNSD, is a South Korean girl group formed by SM Entertainment. The group is composed of eight members: Taeyeon, Sunny, Tiffany, Hyoyeon, Yuri, Sooyoung, Yoona, and Seohyun. Originally a nine-piece ensemble, member Jessica departed from the group in September 2014. Among the most influential girl groups in K-pop and a leading figure of the Korean Wave, Girls' Generation has earned numerous accolades and the honorific nickname ""The Nation's Girl Group"" in their home country.",wikipedia,https://en.wikipedia.org/wiki/Girls'_Generation
Men I Trust,"Men I Trust is a Canadian indie band formed in Quebec City, Quebec, in 2014. The band consists of Emmanuelle Proulx, Jessy Caron, and Dragos Chiriac (keyboards). The group has self-released all of their music.",wikipedia,https://en.wikipedia.org/wiki/Men_I_Trust
MEDUZA,,none,
Soolking,"Abderraouf Deradji, known professionally as Soolking, is an Algerian singer and rapper. He started his career under the pseudonym MC Sool until 2013 before adopting his new stage name. He incorporates reggae, soul, hip-hop and Algerian raï in his music.",wikipedia,https://en.wikipedia.org/wiki/Soolking
Jennifer Lopez,"Jennifer Lynn Lopez is an American singer, songwriter, actress, dancer, and businesswoman. Lopez is regarded as one of the most influential entertainers of her time, credited with breaking barriers for Latino Americans in Hollywood and helping propel the Latin pop movement in music. She is also known for her cultural impact through fashion, branding, and shifting mainstream beauty standards.",wikipedia,https://en.wikipedia.org/wiki/Jennifer_Lopez
AURORA,"Aurora Aksnes, known mononymously as Aurora, is a Norwegian singer, songwriter and record producer. Born in Stavanger and raised in Høle and Os, she started writing songs and learning dance at age six. Her ethereal soundscapes brought her widespread acclaim, earning her the nickname ""Fairy of Pop"".",wikipedia,https://en.wikipedia.org/wiki/Aurora_(singer)
